{
    "rmse": 0.7066477825567037,
    "mae": 0.5476503981366225,
    "r2": 0.27598142133040027
}